{
  "timestamp": "2026-05-10T20:45:10.018730",
  "phase": 3,
  "answer_verification": {
    "lr_dev": {
      "model_name": "LR Combined (Dev)",
      "accuracy": 0.5662417482358297,
      "macro_f1": 0.5210807208887094,
      "precision": 0.292560709238083,
      "recall": 0.518324607329843,
      "exact_match": 0.348964261324835,
      "confusion_matrix": [
        [
          15346,
          11012
        ],
        [
          4232,
          4554
        ]
      ]
    },
    "lr_test": {
      "model_name": "LR Combined (Test)",
      "accuracy": 0.555587164314975,
      "macro_f1": 0.5104294059701521,
      "precision": 0.28219020907700154,
      "recall": 0.5037551206190259,
      "exact_match": 0.33887118798361404,
      "confusion_matrix": [
        [
          15103,
          11261
        ],
        [
          4361,
          4427
        ]
      ]
    },
    "svm_dev": {
      "model_name": "SVM (Dev)",
      "accuracy": 0.7492032779421808,
      "macro_f1": 0.4294198150783549,
      "precision": 0.20833333333333334,
      "recall": 0.0011381743683132257,
      "exact_match": 0.35465513316640107,
      "confusion_matrix": [
        [
          26320,
          38
        ],
        [
          8776,
          10
        ]
      ]
    },
    "svm_test": {
      "model_name": "SVM (Test)",
      "accuracy": 0.7490612198452435,
      "macro_f1": 0.4290406887039734,
      "precision": 0.14893617021276595,
      "recall": 0.0007965407373691397,
      "exact_match": 0.34467455621301774,
      "confusion_matrix": [
        [
          26324,
          40
        ],
        [
          8781,
          7
        ]
      ]
    },
    "xgboost_dev": {
      "model_name": "XGBoost (Lexical + Cosine, Dev)",
      "accuracy": 0.5924766674254496,
      "macro_f1": 0.5401408743065554,
      "precision": 0.3091297752034202,
      "recall": 0.5102435693148191,
      "exact_match": 0.3503300705668108,
      "confusion_matrix": [
        [
          16339,
          10019
        ],
        [
          4303,
          4483
        ]
      ]
    },
    "xgboost_test": {
      "model_name": "XGBoost (Lexical + Cosine, Test)",
      "accuracy": 0.5885582612653618,
      "macro_f1": 0.535211801492257,
      "precision": 0.30370114147353855,
      "recall": 0.4995448338643605,
      "exact_match": 0.3428538916704597,
      "confusion_matrix": [
        [
          16299,
          10065
        ],
        [
          4398,
          4390
        ]
      ]
    }
  },
  "nlp_metrics_answer_verification": {
    "BLEU": {
      "LR": 0.7999,
      "SVM": 0.7999,
      "XGBoost": 0.7999
    },
    "ROUGE-1": {
      "LR": 0.9997,
      "SVM": 0.9997,
      "XGBoost": 0.9997
    },
    "ROUGE-2": {
      "LR": 0.8814,
      "SVM": 0.8814,
      "XGBoost": 0.8814
    },
    "ROUGE-L": {
      "LR": 0.9997,
      "SVM": 0.9997,
      "XGBoost": 0.9997
    },
    "METEOR": {
      "LR": 0.9287,
      "SVM": 0.9287,
      "XGBoost": 0.9287
    }
  },
  "question_generation_nlp": {
    "template_only": {
      "BLEU": 0.0142,
      "ROUGE-1": 0.1372,
      "ROUGE-2": 0.0263,
      "ROUGE-L": 0.1209,
      "METEOR": 0.089
    },
    "ml_ranker": {
      "BLEU": 0.0123,
      "ROUGE-1": 0.1313,
      "ROUGE-2": 0.0231,
      "ROUGE-L": 0.1145,
      "METEOR": 0.1046
    }
  }
}